Nom de l'établissement,Secteur (Public/Privé),Adresse,Code postal,Ville,Pays,Adresse complète,latitude,longitude
École nationale supérieure d'architecture de Paris-Malaquais,public,14 rue Bonaparte,75006,Paris 6e,France,"14 rue Bonaparte, 75006 Paris 6e, France",48.8571319,2.333844
ESCP Business School,privé,3 rue Armand Moisant,75015,Paris 15e,France,"3 rue Armand Moisant, 75015 Paris 15e, France",48.8424072,2.317612
Groupe Institut catholique d'arts et métiers,privé,3 Rue de Liège,75009,Paris 9e,France,"3 Rue de Liège, 75009 Paris 9e, France",48.8796179,2.3287531
Institut national du patrimoine,public,2 rue VIVIENNE,75002,Paris 2e,France,"2 rue VIVIENNE, 75002 Paris 2e, France",48.8665021,2.3388301
"Institut supérieur international du parfum, de la cosmétique et de l'aromatique alimentaire",privé,36 RUE DU PARC DE CLAGNY,78000,Versailles,France,"36 RUE DU PARC DE CLAGNY, 78000 Versailles, France",48.8168647,2.1415127
Sorbonne Université,public,21 rue de l’École de médecine,75006,Paris 6e,France,"21 rue de l’École de médecine, 75006 Paris 6e, France",48.8511944,2.3403301
École des hautes études en sciences sociales,public,54 boulevard Raspail,75006,Paris 6e,France,"54 boulevard Raspail, 75006 Paris 6e, France",48.8502313,2.326797
École nationale supérieure de création industrielle - Les Ateliers,public,48  RUE SAINT SABIN,75011,Paris 8e,France,"48 RUE SAINT SABIN, 75011 Paris 8e, France",48.8584001,2.3691839
École nationale supérieure des arts décoratifs,public,31 RUE D ULM,75240,Paris 5e,France,"31 RUE D ULM, 75240 Paris 5e, France",48.8428623,2.3447494
"Institut national d'enseignement supérieur pour l'agriculture, l'alimentation et l'environnement",public,42 rue Scheffer,75016,Paris 16e,France,"42 rue Scheffer, 75016 Paris 16e, France",48.8625518,2.2817325
CY Cergy Paris Université,public,33 boulevard du Port,95011,Cergy,France,"33 boulevard du Port, 95011 Cergy, France",49.0393961,2.0747129
École supérieure de fonderie et de forge,privé,44 AVENUE DE LA DIVISION LECLERC,92310,Sèvres,France,"44 AVENUE DE LA DIVISION LECLERC, 92310 Sèvres, France",48.822801,2.225138
École nationale supérieure d’architecture de Versailles,public,5 avenue DE SCEAUX,78006,Versailles,France,"5 avenue DE SCEAUX, 78006 Versailles, France",48.8009951,2.1269331
École nationale supérieure du pétrole et des moteurs,public,228 AVENUE NAPOLEON BONAPARTE,92852,Rueil-Malmaison,France,"228 AVENUE NAPOLEON BONAPARTE, 92852 Rueil-Malmaison, France",48.877225,2.1728806
IAE Paris - Sorbonne Business School,public,21 Rue Broca,75005,Paris 5e,France,"21 Rue Broca, 75005 Paris 5e, France",48.8383965,2.3485557
Institut national des langues et civilisations orientales,public,65 rue des Grands Moulins,75214,Paris 13e,France,"65 rue des Grands Moulins, 75214 Paris 13e, France",48.827088,2.3756326
Géodata Paris,public,6 et 8 avenue Blaise Pascal,77455,Champs-sur-Marne,France,"6 et 8 avenue Blaise Pascal, 77455 Champs-sur-Marne, France",48.8410806,2.5873745
École nationale supérieure Louis Lumière,public,20 rue Ampère,93200,Saint-Denis,France,"20 rue Ampère, 93200 Saint-Denis, France",48.885316,2.3046701
Pôle supérieur d'enseignement artistique Paris - Boulogne-Billancourt,public,14 Rue de Madrid,75008,Paris 8e,France,"14 Rue de Madrid, 75008 Paris 8e, France",48.8785081,2.3207064
Arts et Métiers Sciences et Technologies,public,151 boulevard de l'hôpital,75013,Paris 13e,France,"151 boulevard de l'hôpital, 75013 Paris 13e, France",48.8335105,2.3589644
Muséum national d'histoire naturelle,public,57 rue Cuvier,75005,Paris 5e,France,"57 rue Cuvier, 75005 Paris 5e, France",48.8443464,2.3562118
Institut national d'histoire de l'art,public,2 rue Vivienne,75002,Paris 2e,France,"2 rue Vivienne, 75002 Paris 2e, France",48.8665021,2.3388301
ISAE-Supméca,public,3 rue Fernand Hainaut,93400,Saint-Ouen-sur-Seine,France,"3 rue Fernand Hainaut, 93400 Saint-Ouen-sur-Seine, France",48.9198147,2.3328668
Institut supérieur d'électronique de Paris,privé,28 rue Notre-Dame-des-Champs,75006,Paris 6e,France,"28 rue Notre-Dame-des-Champs, 75006 Paris 6e, France",48.8452974,2.3280403
École spéciale d'architecture,privé,254 boulevard Raspail,75014,Paris 14e,France,"254 boulevard Raspail, 75014 Paris 14e, France",48.8376193,2.3309495
IPAG Business School,privé,184 BOULEVARD ST GERMAIN,75006,Paris 6e,France,"184 BOULEVARD ST GERMAIN, 75006 Paris 6e, France",48.8544327,2.33122
Institut français de la mode,privé,34 quai d'Austerlitz,75013,Paris 13e,France,"34 quai d'Austerlitz, 75013 Paris 13e, France",48.8407663,2.3700676
ECAM-EPMI,privé,13 boulevard de l’Hautil,95092,Cergy,France,"13 boulevard de l’Hautil, 95092 Cergy, France",49.0319917,2.074809
École nationale supérieure de l'électronique et de ses applications de Cergy,public,6 avenue du Ponceau,95014,Cergy,France,"6 avenue du Ponceau, 95014 Cergy, France",49.0395063,2.0724911
Université Gustave Eiffel,public,5 boulevard Descartes,77420,Champs-sur-Marne,France,"5 boulevard Descartes, 77420 Champs-sur-Marne, France",48.764528,2.036836
Facultés Libres de Philosophie et de Psychologie,privé,70 avenue Denfert-Rochereau,75014,Paris 14e,France,"70 avenue Denfert-Rochereau, 75014 Paris 14e, France",48.8378907,2.3356096
Université Paris Cité,public,85 boulevard Saint-Germain,75006,Paris 6e,France,"85 boulevard Saint-Germain, 75006 Paris 6e, France",48.8519064,2.3400882
École centrale d'électronique,privé,37 quai de Grenelle,75015,Paris 15e,France,"37 quai de Grenelle, 75015 Paris 15e, France",48.8520256,2.2859175
École nationale des ponts et chaussées,public,6 et 8 avenue Blaise Pascal,77455,Champs-sur-Marne,France,"6 et 8 avenue Blaise Pascal, 77455 Champs-sur-Marne, France",48.8410806,2.5873745
Ecole Nationale Supérieure des Beaux-Arts de Paris,public,14 rue Bonaparte,75006,Paris 6e,France,"14 rue Bonaparte, 75006 Paris 6e, France",48.8571319,2.333844
École française d'Extrême-Orient,public,22 avenue du Président Wilson,75116,Paris 16e,France,"22 avenue du Président Wilson, 75116 Paris 16e, France",48.8644818,2.2922125
Institut européen d'administration des affaires,privé,Boulevard de Constance,77305,Fontainebleau,France,"Boulevard de Constance, 77305 Fontainebleau, France",48.399744,2.6883309
Université Paris sciences et lettres,public,60 rue Mazarine,75006,Paris 6e,France,"60 rue Mazarine, 75006 Paris 6e, France",48.854654,2.3378386
Université Sorbonne Nouvelle - Paris 3,public,8 avenue de Saint-Mandé,75012,Paris 12e,France,"8 avenue de Saint-Mandé, 75012 Paris 12e, France",48.8452759,2.396645
Centre des hautes études de la construction,privé,1 rue Paul Bert,94110,Arcueil,France,"1 rue Paul Bert, 94110 Arcueil, France",48.8178032,2.3729979
Institut protestant de théologie,privé,83 boulevard Arago,75014,Paris 14e,France,"83 boulevard Arago, 75014 Paris 14e, France",48.8344281,2.3370236
École supérieure des techniques aéronautiques et de construction automobile,privé,12 avenue Paul Delouvrier,78066,Montigny-le-Bretonneux,France,"12 avenue Paul Delouvrier, 78066 Montigny-le-Bretonneux, France",48.7877895,2.0410888
Université Paris 1 - Panthéon Sorbonne,public,12 place du Panthéon,75231,Paris 5e,France,"12 place du Panthéon, 75231 Paris 5e, France",48.8470126,2.3440371
École du Louvre,public,Place du Carrousel,75038,Paris 1er,France,"Place du Carrousel, 75038 Paris 1er, France",48.7547689,2.2968993
École supérieure d'informatique électronique automatique,privé,9 rue Vésale,75005,Paris 5e,France,"9 rue Vésale, 75005 Paris 5e, France",48.8378354,2.3525346
Institut Sup'Biotech de Paris,privé,66 rue Guy Môquet,94800,Villejuif,France,"66 rue Guy Môquet, 94800 Villejuif, France",48.8926765,2.326315
Institut supérieur du commerce de Paris,privé,22 boulevard du Fort de Vaux,75848,Paris 17e,France,"22 boulevard du Fort de Vaux, 75848 Paris 17e, France",48.8925996,2.3012321
"Institut national du sport, de l'expertise et de la performance",public,11 avenue du Tremblay,75012,Paris 12e,France,"11 avenue du Tremblay, 75012 Paris 12e, France",48.8321509,2.452534
Institut polytechnique des sciences avancées,privé,15 rue MAURICE GRANDCOING,94200,Ivry-sur-Seine,France,"15 rue MAURICE GRANDCOING, 94200 Ivry-sur-Seine, France",48.8136859,2.3926279
Collège de France,public,11 place Marcelin Berthelot,75231,Paris 5e,France,"11 place Marcelin Berthelot, 75231 Paris 5e, France",48.8491255,2.3454288
Sciences Po,public,27 rue Saint Guillaume,75337,Paris 7e,France,"27 rue Saint Guillaume, 75337 Paris 7e, France",48.8538978,2.3290212
Institut national des sciences et techniques nucléaires,public,Centre CEA de Saclay,91191,Gif-sur-Yvette,France,"Centre CEA de Saclay, 91191 Gif-sur-Yvette, France",48.7290281,2.1457424
École nationale supérieure d'architecture de Paris-Belleville,public,60 boulevard de la Villette,75019,Paris 19e,France,"60 boulevard de la Villette, 75019 Paris 19e, France",48.8753253,2.3745442
"École spéciale des travaux publics, du bâtiment et de l'industrie",privé,28 avenue du Président Wilson,94230,Cachan,France,"28 avenue du Président Wilson, 94230 Cachan, France",48.8642539,2.2913536
Institut catholique de Paris,privé,21 rue d’Assas,75270,Paris 6e,France,"21 rue d’Assas, 75270 Paris 6e, France",48.8482956,2.3293486
"Institut Mines-Télécom, au périmètre des écoles IMT Atlantique, Lille Douai, Albi, Alès, Mines Saint-Étienne et Institut Mines-Télécom Business school",public,19 place Marguerite Perey,91120,Palaiseau,France,"19 place Marguerite Perey, 91120 Palaiseau, France",48.7128391,2.2002377
École nationale supérieure d'arts de Paris-Cergy,public,2  RUE DES ITALIENS,95000,Cergy,France,"2 RUE DES ITALIENS, 95000 Cergy, France",48.8715543,2.3359278
Institut polytechnique de Paris,public,Route de Saclay,91128,Palaiseau,France,"Route de Saclay, 91128 Palaiseau, France",48.7180076,2.2319425
École supérieure des sciences économiques et commerciales,privé,AVENUE BERNARD HIRSCH,95021,Cergy,France,"AVENUE BERNARD HIRSCH, 95021 Cergy, France",49.0311386,2.0790465
Université Sorbonne Paris Nord,public,99 avenue Jean-Baptiste Clément,93430,Villetaneuse,France,"99 avenue Jean-Baptiste Clément, 93430 Villetaneuse, France",48.8439876,2.2333542
École nationale supérieure des métiers de l'image et du son,public,6 rue FRANCOEUR,75018,Paris 18e,France,"6 rue FRANCOEUR, 75018 Paris 18e, France",48.6753083,2.3845366
Université Paris-Panthéon-Assas,public,12 place du Panthéon,75005,Paris 5e,France,"12 place du Panthéon, 75005 Paris 5e, France",48.8470126,2.3440371
